algorithm,rows,batch_size,streaming,seed,k,feature_count,available_mb,estimated_mb,status,fit_seconds,normalized_inertia,silhouette,metric_rows,ari_vs_kmeans,cluster_sizes,iterations,peak_rss_mb,worker_seconds,environment,experiment_id,detail
KMeans,50000,1000,false,42,3,6,1127.609375,267.444091796875,ok,0.3866428999999698,3.4227118193171564,0.32663384079933167,2000,,"[20123, 5743, 24134]",6,258.69140625,8.562850799999978,local,d175076db1f530ffdf80baefc9933f06c136aaf7ed7577a548ef807ced11471a,
MiniBatchKMeans,50000,1000,false,42,3,6,1144.2421875,260.57763671875,ok,0.07619510000040464,3.457369692620417,0.33030617237091064,2000,0.8090307090250489,"[17858, 26500, 5642]",1,252.14453125,8.250688199999786,local,d175076db1f530ffdf80baefc9933f06c136aaf7ed7577a548ef807ced11471a,
KMeans,100000,1000,false,42,3,6,1071.703125,278.88818359375,ok,0.6448586000005889,3.4973930083639675,0.32163020968437195,2000,,"[40480, 48201, 11319]",8,267.8515625,9.201189100000192,local,d175076db1f530ffdf80baefc9933f06c136aaf7ed7577a548ef807ced11471a,
MiniBatchKMeans,100000,1000,false,42,3,6,1102.48828125,265.1552734375,ok,0.09779940000044007,3.514867498604188,0.3209627568721771,2000,0.9537096870045003,"[47324, 41713, 10963]",1,269.68359375,8.426307100000486,local,d175076db1f530ffdf80baefc9933f06c136aaf7ed7577a548ef807ced11471a,
KMeans,250000,1000,false,42,3,6,1107.484375,313.220458984375,ok,1.5676641999998537,3.3797528437190065,0.3332575857639313,2000,,"[101238, 120253, 28509]",9,263.98046875,9.575662300000658,local,d175076db1f530ffdf80baefc9933f06c136aaf7ed7577a548ef807ced11471a,
MiniBatchKMeans,250000,1000,false,42,3,6,1124.84765625,278.88818359375,ok,0.16035360000023502,3.408029037607378,0.3248063325881958,2000,0.8169785640076067,"[108668, 112661, 28671]",1,264.828125,8.24750529999983,local,d175076db1f530ffdf80baefc9933f06c136aaf7ed7577a548ef807ced11471a,
KMeans,500000,1000,false,42,3,6,1123.33984375,370.44091796875,ok,3.0292121000002226,3.4371675615065933,0.323268324136734,2000,,"[241106, 57025, 201869]",8,287.71484375,11.159959099999469,local,d175076db1f530ffdf80baefc9933f06c136aaf7ed7577a548ef807ced11471a,
MiniBatchKMeans,500000,1000,false,42,3,6,1090.26953125,301.7763671875,ok,1.1732007000000522,3.444667768025212,0.32486140727996826,2000,0.7970146654573238,"[265283, 178052, 56665]",1,274.5546875,9.29436639999949,local,d175076db1f530ffdf80baefc9933f06c136aaf7ed7577a548ef807ced11471a,
KMeans,1000000,1000,false,42,3,6,1023.875,484.8818359375,ok,6.660836500000187,3.3903473198570055,0.30787286162376404,2000,,"[482609, 403439, 113952]",11,330.734375,15.067255800000567,local,d175076db1f530ffdf80baefc9933f06c136aaf7ed7577a548ef807ced11471a,
MiniBatchKMeans,1000000,1000,false,42,3,6,1062.5,347.552734375,ok,0.4426167000001442,3.400074648133387,0.30748701095581055,2000,0.9873045541780988,"[112806, 481413, 405781]",1,296.921875,8.659590300000673,local,d175076db1f530ffdf80baefc9933f06c136aaf7ed7577a548ef807ced11471a,
KMeans,3241580,1000,false,42,3,6,1111.6953125,997.9387817382812,skipped_memory_preflight,,,,,,,,,,local,d175076db1f530ffdf80baefc9933f06c136aaf7ed7577a548ef807ced11471a,Estimated working set exceeds 60% available RAM
MiniBatchKMeans,3241580,1000,false,42,3,6,1111.69140625,552.7755126953125,ok,1.4640593999993143,3.3921948401357263,0.33025848865509033,2000,,"[1313224, 1572320, 356036]",1,422.53515625,10.919647499999883,local,d175076db1f530ffdf80baefc9933f06c136aaf7ed7577a548ef807ced11471a,
MiniBatchKMeans,3241580,1000,true,42,3,6,1362.1171875,552.7755126953125,ok,1.2231871000003594,3.3965082112992357,0.33478954434394836,2000,,"[1720218, 1152516, 368846]",325,284.3203125,10.105613700000504,local,d175076db1f530ffdf80baefc9933f06c136aaf7ed7577a548ef807ced11471a,
