cluster,size,trip_distance,duration_minutes,speed_mph,fare_per_mile,hour_sin,hour_cos,k
0,2534,12.566203630623523,34.96487108655616,23.498765841097565,4.245932904713294,-0.23352904804225177,-0.13324100578212833,2
1,17466,1.86670731707317,11.977232909653052,9.576304339604148,13.217729988433458,-0.3063079146611532,-0.16784040822745466,2
0,9586,2.0137450448570857,11.94179184922456,10.127807192544719,16.590708926918328,-0.6835138885905944,0.327315205845733,3
1,8097,1.8212090897863396,12.31475031904821,9.184755342551759,8.994106860125946,0.1437645870810844,-0.7449071970207637,3
2,2317,13.118938282261546,36.084930225866785,23.889288079625384,4.2107237542699645,-0.23894448458217327,-0.1619608406183478,3
0,8101,1.8216862115788164,12.314714232810767,9.182946297639797,9.127116586144405,0.144049129858561,-0.7445036668514552,4
1,9544,2.0236546521374708,11.927149692651577,10.176485432550198,8.554006295012636,-0.6829079959366989,0.32948783039246815,4
2,2314,13.126594641313742,36.10490492653414,23.892431584215945,4.210612970858237,-0.23967169256835974,-0.16205896658064362,4
3,41,0.01195121951219512,15.960162601626017,0.07542989152482633,1860.939024390244,-0.8879130822428196,-0.18381654114900614,4
0,2192,13.45385492700729,36.80193126520684,24.07764288595231,4.186424386216145,-0.2509987907940768,-0.18596241237141994,5
1,5660,2.285386925795058,11.664240282685524,11.521321084852547,7.428283672170294,-0.4916959198179533,0.7053623705522593,5
2,7052,1.7494186046511633,12.534151068254879,8.485121827722404,9.82658372415626,-0.7522625626551251,-0.48070348626250603,5
3,40,0.012000000000000002,16.10125,0.07586168081617803,1884.3125,-0.8884602742042793,-0.1759119546777313,5
4,5056,1.915179984177213,12.2767042457806,9.686831505985651,9.044653816594712,0.5403373443812467,-0.6837217612440606,5
0,4949,1.8289290765811272,12.179356098875196,9.429259782943925,9.04653840246387,0.5390482924312107,-0.6885583418462287,6
1,6708,1.7178324388789508,12.472179984098597,8.4387799943509,9.88635715153774,-0.7432436936839685,-0.5103095092273889,6
2,5648,2.035258498583568,11.337252124645891,10.768159802670729,7.772451507257624,-0.516084128989919,0.684765490066406,6
3,1004,17.134571713147412,50.369173306772915,22.047494931538463,4.141731023826932,-0.3156666014507942,-0.3468421802055363,6
4,1651,9.190399757722595,23.385110034322633,24.57636306783189,4.301308038340522,-0.21592798780189695,0.02992651857060773,6
5,40,0.012,16.10125,0.07586168081617803,1884.3125,-0.8884602742042793,-0.1759119546777313,6
0,4840,2.113820247933886,11.315196280991756,11.160912081204568,7.673577083293384,-0.4242435652771627,0.7628107792889609,7
1,5882,1.8109486569194118,12.231721069930868,9.246329498281598,8.942504202235808,0.40759162603061333,-0.7393768339496287,7
2,955,16.772712041884816,51.486596858638755,20.853816906408777,4.192381459060915,-0.3117837069127264,-0.40858249993903734,7
3,5,0.012,29.003333333333337,0.12459674343373048,4438.9,-0.6878315177510849,-0.3414213562373098,7
4,6675,1.7663640449438216,12.468534332084912,8.604879227991153,9.204667080543617,-0.8423216487607488,-0.34315458701785007,7
5,40,0.014500000000000002,13.893333333333336,0.1732624900751122,1435.6069444444445,-0.8859627636416635,-0.19488243080529435,7
6,1603,9.828271990018719,23.696121854855484,25.60159836504265,4.252332079863845,-0.20382009973009443,0.04874151377406666,7
0,4820,1.7993838174273846,12.05494813278008,9.033814687373525,8.98270665490823,-0.9420213567866313,0.12217066272428025,8
1,5061,1.7412882829480343,12.55563788447606,8.471396496222809,9.127244759596035,-0.4865484921601707,-0.7974743383071943,8
2,1593,9.93581920903955,24.035321196903116,25.5793273598869,4.254504783668653,-0.22027096854375586,0.02624942376694699,8
3,4033,1.8640515745102908,12.133978014711964,9.636522568843315,8.80732090333791,0.6600948126708941,-0.6230372695191412,8
4,5,0.012,29.003333333333337,0.1245967434337305,4438.9,-0.6878315177510848,-0.3414213562373098,8
5,40,0.014500000000000002,13.893333333333334,0.1732624900751122,1435.6069444444445,-0.8859627636416635,-0.19488243080529438,8
6,925,16.985556756756758,51.926036036036045,20.996382318676282,4.176672756987199,-0.3112887256917463,-0.3980922922072186,8
7,3523,2.2433210332103304,11.40773961585769,11.736505433949093,7.479671516324827,-0.26205585407005877,0.8591125470633153,8
0,5307,1.6727774637271526,11.668010803341497,8.773528035130772,9.082475435627018,-0.9399497749969966,-0.03342797286663355,9
1,1177,7.565293118096856,33.71454262248655,14.224876079177243,5.29158814715113,-0.24631051193588535,-0.5967550476216463,9
2,1086,9.597016574585638,21.0499386126458,27.738455417391204,4.157966604376633,-0.18208917820535842,0.28853971484714824,9
3,816,18.69680147058824,50.15947712418299,24.149106481997496,3.959778692777712,-0.36776466133297653,-0.30185853343438424,9
4,3219,1.7982323703013368,11.241420731075905,10.103959196057522,8.579212977936113,0.7542870230385323,-0.5340616224340632,9
5,5,0.012,29.003333333333337,0.12459674343373048,4438.9,-0.6878315177510849,-0.3414213562373098,9
6,3892,2.1701130524152115,11.301781431997258,11.456719664713063,7.499314785252297,-0.3287542817366436,0.8327475544764956,9
7,4458,1.514291161956034,11.558411843876176,8.198839673877815,9.650480244243434,-0.2860770525083203,-0.8902634854495655,9
8,40,0.014500000000000002,13.893333333333336,0.17326249007511224,1435.6069444444445,-0.8859627636416635,-0.19488243080529433,9
0,3839,2.13116176087523,11.254467309195102,11.3246684305032,7.6472477660062,-0.3267108905624376,0.8336463424842221,10
1,4385,1.4671106043329536,11.331767388825543,8.151228632955682,9.71276972981827,-0.28337888439775194,-0.890778716598723,10
2,478,16.137322175732216,60.846373779637375,16.727441435367243,4.210094749143105,-0.28158956480341735,-0.5211103821555204,10
3,40,0.014499999999999999,13.893333333333334,0.17326249007511219,1435.6069444444445,-0.8859627636416635,-0.19488243080529433,10
4,1214,6.936112026359146,30.713646348160346,14.011909180442315,5.4156696481741164,-0.3153968769097717,-0.6074027886860272,10
5,1033,8.316534365924495,19.605082284607942,26.206520185946925,4.199866134923489,-0.20410149981981385,0.28467363384393146,10
6,577,18.828006932409014,37.331831311380704,30.728268063241376,3.973362666672321,-0.299585024429903,0.005208413207099033,10
7,5236,1.629665775401071,11.492468805704098,8.714176702546663,9.12633353110041,-0.939929203014654,-0.03137195402883549,10
8,5,0.012,29.003333333333337,0.12459674343373048,4438.9,-0.6878315177510849,-0.3414213562373098,10
9,3193,1.7881208894456622,11.231088840171202,10.067134701867962,8.47146450170131,0.756861533296617,-0.5324980676485747,10
