k,rows,normalized_inertia,silhouette,stability_ari,min_cluster_share,max_cluster_share,cluster_sizes,elbow_strength,eligible
2,20000,4.35746796875,0.4913533329963684,1.0,0.1267,0.8733,"[2534, 17466]",0.0,true
3,20000,3.458575,0.33558377623558044,0.9998921361889874,0.11585,0.4793,"[9586, 8097, 2317]",0.18609956570199626,true
4,20000,2.749009765625,0.3357560634613037,0.9997925454002575,0.00205,0.4772,"[8101, 9544, 2314, 41]",0.30667433814488937,false
5,20000,2.3238169921875,0.3096928596496582,0.9895765494673903,0.002,0.3526,"[2192, 5660, 7052, 40, 5056]",0.32883010835853144,false
6,20000,2.0770873046875,0.3099859654903412,0.9982007663450614,0.002,0.3354,"[4949, 6708, 5648, 1004, 1651, 40]",0.2892212520157994,false
7,20000,1.886720703125,0.31208938360214233,0.735039684711124,0.00025,0.33375,"[4840, 5882, 955, 5, 6675, 40, 1603]",0.2301055887824048,false
8,20000,1.7096716796875,0.27323010563850403,0.7219885404087453,0.00025,0.25305,"[4820, 5061, 1593, 4033, 5, 40, 925, 3523]",0.16638081977677208,false
9,20000,1.57062392578125,0.2884448766708374,0.9346175318339186,0.00025,0.26535,"[5307, 1177, 1086, 816, 3219, 5, 3892, 4458, 40]",0.08950411960881612,false
10,20000,1.4680619140625,0.2921547293663025,0.7282063936595247,0.00025,0.2618,"[3839, 4385, 478, 40, 1214, 1033, 577, 5236, 5, 3193]",0.0,false
