statistic,trip_distance,duration_minutes,speed_mph,fare_per_mile,hour_sin,hour_cos
count,3241580.0,3241580.0,3241580.0,3241580.0,3241580.0,3241580.0
null_count,0.0,0.0,0.0,0.0,0.0,0.0
mean,3.175689626663541,14.717419447717882,11.327613352298531,12.202524653984655,-0.3006605970861228,-0.1576418332847494
std,4.158008627432824,11.34038336271788,6.403898366548958,97.80669935598621,0.6457942139342189,0.6838876837216755
min,0.01,1.0,0.007980492130348037,0.00023866348448687351,-1.0,-1.0
25%,1.02,7.366666666666667,7.396299902629016,5.708812260536399,-0.866025403784439,-0.8660254037844385
50%,1.7,11.716666666666667,9.625,7.171717171717171,-0.4999999999999997,-0.2588190451025215
75%,3.15,18.35,13.017857142857142,9.027777777777779,0.258819045102521,0.49999999999999933
max,148.3,179.96666666666667,99.40394973070019,11776.0,1.0,1.0
