algorithm,rows,batch_size,streaming,seed,k,feature_count,available_mb,estimated_mb,status,fit_seconds,normalized_inertia,silhouette,metric_rows,ari_vs_kmeans,cluster_sizes,iterations,peak_rss_mb,worker_seconds,detail
KMeans,50000,1000,False,42,2,6,747.5625,267.444091796875,ok,0.31536770000002434,4.31788085444332,0.4938396215438843,2000,,"[43676, 6324]",8,266.98046875,8.018971700000293,
MiniBatchKMeans,50000,1000,False,42,2,6,768.1484375,260.57763671875,ok,0.068347200000062,4.905991974434509,0.2800350487232208,2000,0.10568756341000814,"[29322, 20678]",1,265.18359375,7.400977199999943,
KMeans,100000,1000,False,42,2,6,769.75,278.88818359375,ok,0.5624419000000671,4.392350643284088,0.4711979329586029,2000,,"[87567, 12433]",7,282.59375,8.086756700000024,
MiniBatchKMeans,100000,1000,False,42,2,6,782.15234375,265.1552734375,ok,0.07712030000038794,4.999582515918591,0.2428303360939026,2000,-0.012766115052801615,"[40755, 59245]",1,280.84375,7.541800899999998,
KMeans,250000,1000,False,42,2,6,790.3359375,313.220458984375,aborted_low_memory,,,,,,,,281.10546875,8.377100700000028,Safety monitor terminated worker
MiniBatchKMeans,250000,1000,False,42,2,6,515.32421875,278.88818359375,aborted_low_memory,,,,,,,,263.8046875,7.068602100000135,Safety monitor terminated worker
KMeans,500000,1000,False,42,2,6,505.390625,370.44091796875,skipped_memory_preflight,,,,,,,,,,Estimated working set exceeds 60% available RAM
MiniBatchKMeans,500000,1000,False,42,2,6,505.375,301.7763671875,aborted_low_memory,,,,,,,,266.71484375,6.882768400000259,Safety monitor terminated worker
KMeans,1000000,1000,False,42,2,6,503.41015625,484.8818359375,skipped_memory_preflight,,,,,,,,,,Estimated working set exceeds 60% available RAM
MiniBatchKMeans,1000000,1000,False,42,2,6,503.3984375,347.552734375,skipped_memory_preflight,,,,,,,,,,Estimated working set exceeds 60% available RAM
KMeans,3241580,1000,False,42,2,6,503.39453125,997.9387817382812,skipped_memory_preflight,,,,,,,,,,Estimated working set exceeds 60% available RAM
MiniBatchKMeans,3241580,1000,False,42,2,6,503.39453125,552.7755126953125,skipped_memory_preflight,,,,,,,,,,Estimated working set exceeds 60% available RAM
MiniBatchKMeans,3241580,1000,True,42,2,6,504.34375,552.7755126953125,ok,1.2574053000003005,4.909492123299375,0.2682598829269409,2000,,"[1930906, 1310674]",325,299.07421875,9.315402300000187,
